ID,DISTANCIA,TIEMPO
124089165,69922.66833333333,4009.0350000000008
124093149,124067.51499999998,10977.588333333331
124090750,12352.17,1402.4850000000001
124092491,17068.105000000003,1746.525
124091871,12417.781666666666,1529.72
124089026,13577.298333333334,1648.5533333333333
124090271,13577.298333333334,1648.5533333333333
124091215,14702.383333333331,1985.4033333333336
124088962,4424.3550000000005,687.9100000000001
124091827,3405.941666666667,504.2333333333333
124091050,194195.13,14456.41
124092305,73171.56,5209.426666666666
124091388,34926.45,2470.8
124088838,9803.816666666666,1382.7983333333334
124089731,106869.665,7063.045000000001
124092841,16372.105,1685.2116666666668
124091704,9810.538333333334,1170.09
124089590,10341.168333333333,1477.76
124090757,11033.498333333333,1678.5266666666666
124089142,11159.765000000001,1463.1016666666667
124090006,9763.98,1370.98
124091910,82830.54166666667,5897.455
124089184,17585.59333333333,2631.118333333333
124090633,64861.85,4602.0650000000005
124089667,13612.271666666667,1434.1
124092709,10714.566666666668,1714.65
124092308,42228.21,2562.4
124091723,16720.395,1824.6466666666668
124088984,10531.266666666666,1447.8566666666666
124091872,2874.9766666666665,518.4916666666666
124089813,18705.273333333334,2223.8333333333335
124091623,13065.513333333332,1492.705
124092422,11631.913333333334,1437.658333333333
124089349,48556.573333333334,4044.9
124091982,24447.568333333336,2674.96
124089760,12454.125,1667.725
124088571,44053.78,3893.825
124093410,119444.08333333334,10031.503333333332
124090330,133420.38666666666,8646.266666666666
124093413,22833.721666666668,2599.4133333333334
124091615,13404.385,1353.81
124090772,24033.40666666667,3098.006666666667
124092582,7091.279999999999,970.79
124090555,28486.891666666663,3388.5700000000006
124090098,112441.87166666667,9565.203333333333
124089729,81938.38499999998,4889.205
124091097,86090.35833333334,6528.223333333333
124093211,14673.898333333334,1766.11
124091586,93968.98166666666,5631.4400000000005
124089129,10277.768333333333,1918.9166666666667
124088897,4694.613333333333,698.825
124089270,21716.248333333333,1909.1050000000002
124091092,11509.11,1983.0850000000003
124090008,9952.428333333333,1160.27
124093475,115406.48000000001,8087.865
124089604,42837.995,2985.123333333333
124091741,26261.446666666667,2189.705
124091259,11177.880000000001,1514.1416666666669
124090707,10202.106666666667,1292.4816666666666
124090776,1924.575,451.63666666666666
124093583,11548.496666666666,1891.6850000000002
124089256,205804.45500000002,14544.1
124089752,16796.851666666666,2223.0916666666667
124088723,24330.493333333336,2425.87
124092302,32071.651666666665,2873.498333333333
124090788,12712.991666666667,1723.45
124092880,64238.878333333334,6530.3949999999995
124091243,28313.213333333337,3112.668333333333
124089087,8784.588333333333,1294.5
124092715,423063.5333333333,32777.090000000004
124091113,71370.65333333334,5231.516666666666
124093120,30281.975,2607.7566666666667
124093053,148677.32666666666,9523.763333333332
124090100,7376.166666666667,1168.7816666666665
124087931,2230.9766666666665,369.915
124091715,27828.20166666666,2859.8466666666664
124092899,44517.265,4201.74
124092751,8036.768333333333,1210.29
124091272,42590.645000000004,2975.0366666666664
124089281,17509.08,2617.73
124093458,6484.761666666666,959.7449999999999
124089818,2421.04,464.1633333333333
124089504,23204.98,2670.2766666666666
124091617,7684.796666666666,1542.4083333333333
124090651,2714.7833333333338,410.21000000000004
124092015,17087.446666666667,1746.525
124091727,4757.539999999999,830.76
124092029,187263.28833333333,10253.973333333332
124088432,1863.5683333333334,342.3933333333333
124092750,8835.380000000001,906.0966666666666
124088021,7731.280000000001,998.5083333333334
124092426,136452.895,12127.325
124090941,270621.11,14060.236666666668
124090363,46930.81333333334,3035.4833333333336
124092643,7672.126666666666,1636.2083333333335
124093289,114275.75,8552.243333333334
124092092,56034.6,4055.1666666666665
124091879,14209.668333333335,1787.8366666666668
124088813,24202.708333333332,2794.565
124092713,10655.746666666668,1604.2266666666667
124090082,66355.775,4180.67
124089812,8314.976666666666,1440.2961904761905
124090178,21290.44,2411.12
124088749,133187.30166666667,8646.266666666666
124090922,28006.271666666667,2686.456666666667
124092377,29216.676666666666,3132.0150000000003
124092884,49966.795,4148.735
124092926,2001.325,402.4433333333333
124093498,484317.38499999995,36047.825
124090727,6517.513333333333,908.8466666666667
124088713,7447.43,1347.9983333333334
124093464,80024.095,6421.636666666667
124088870,27197.496666666666,2992.5166666666664
124092159,26093.198333333334,2482.3316666666665
124090390,119255.07333333333,9525.596666666666
124093510,54073.119999999995,3804.755
124093101,10124.915,1322.1299999999999
124093128,19700.57333333333,2088.4083333333333
124088661,30848.168333333335,3480.5133333333333
124090942,188286.45,14991.658333333335
124092617,34211.29166666667,3493.53
124089947,10233.545,2099.936666666667
124091677,20642.936666666665,2509.333333333333
124089608,7759.428333333332,998.5083333333334
124087668,2646.9683333333332,446.3566666666667
124089083,4162.594999999999,756.0550000000001
124090286,84037.42333333332,4589.275
124093134,16805.321666666663,2049.5916666666667
124089134,4719.913333333333,881.78
124092537,164007.39,12195.925
124090629,34814.604999999996,2935.2483333333334
124091154,11179.58,1514.1416666666669
124088705,36587.72499999999,4139.65
124089998,12240.768333333332,1519.2166666666667
124092187,7339.453333333333,1100.5316666666665
124092391,18936.533333333333,2488.813333333333
124093056,149395.89666666667,9788.595
124092311,11578.428333333333,1390.5
124092768,39435.2,3331.5699999999997
124091621,70870.48333333334,4856.586666666667
124092657,7680.410000000001,1636.2083333333335
124091981,30075.845,2936.5133333333333
124088718,7837.283333333335,1490.1083333333333
124090324,17557.77,2631.118333333333
124088564,32487.873333333333,2560.3516666666665
124092933,10608.265000000001,1188.21
124088591,9942.66,1160.27
124088672,16156.616666666669,2229.4683333333332
124090761,26284.585,2725.6049999999996
124092916,87740.12333333332,6145.236666666666
124090322,16045.340000000002,1958.36
124090844,4472.291666666666,836.765
124088752,3213.876666666667,529.25
124092731,28628.943333333336,3372.565
124093270,30033.839999999997,2771.2466666666664
124090360,51723.198333333334,3720.5333333333338
124088930,1855.7900000000002,311.91833333333335
124088869,7629.484999999999,1158.335
124092863,15143.060000000001,1645.5666666666668
124090733,5431.72,483.995
124090863,5671.0666666666675,795.2983333333333
124088892,4965.091666666667,884.2683333333332
124091087,53102.685,3942.05
124092747,59220.53666666667,4911.653333333334
124090898,4258.7,635.4666666666667
124089562,25122.835,2703.6
124093131,204050.26666666666,16081
124091049,24337.359999999997,2425.87
124092326,26952.448333333334,2102.2683333333334
124092532,16898.251666666667,2034.3366666666668
124093333,2296.29,429.4333333333333
124089630,33698.46,3004.306666666667
124091868,12481.666666666668,1374.56
124090688,21540.526666666665,2794.911666666667
124090740,75896.91666666667,6507.5199999999995
124089684,18388.32,2260.9049999999997
124088697,6021.68,1053.78
124090816,28312.665,3112.668333333333
124089107,2090.835,356.9
124090943,108398.15,7438.2
124093506,121209.36333333333,10610.18
124092303,38219.245,3121.5350000000003
124088919,4824.445000000001,1049.0166666666667
124093573,7398.183333333334,1272.4816666666666
124091052,186527.6866666667,10341.798333333332
124088898,6710.991666666666,1247.19
124089039,6192.094999999999,904.5916666666666
124087758,39355.16666666667,2966.75
124090904,7022.703333333333,1001.4900000000001
124088508,21546.001666666667,2794.911666666667
124089558,26622.416666666664,2771.045
124088982,15030.963333333333,1539.2066666666667
124090940,91699.59333333334,5523.883333333333
124090871,1505289.5,78373.13999999998
124089050,4003.563333333333,945.53
124090967,150107.99666666667,10874.91
124089163,5708.573333333333,844.5533333333333
124089801,6674.361666666667,1183
124088941,13144.663333333334,1325.625
124089202,46994.278333333335,3024.8833333333337
124092647,41788.57833333333,3425.125
124092571,16751.166666666668,1441.55
124088890,152992.04,10956.94
124089058,16486.078333333335,1914.981666666667
124092847,87740.12333333332,6145.236666666666
124092073,36791.534999999996,3796.2383333333332
124089422,18138.045,1838.8516666666667
124092598,7724.18,998.5083333333334
124092256,37569.86666666666,3369.15
124089110,198475.71666666667,16134.631666666664
124091214,175441.46000000002,10977.305
124092062,12489.391666666666,1360.17
124092759,150044.90333333335,10874.91
124091658,209835.72333333333,17335.365
124092120,65384.16166666666,3889.666666666667
124092549,164227.825,11898.564999999999
124090339,136594.99333333335,12127.325
124090393,13216.833333333332,1617.2466666666667
124093108,3530.1316666666667,619.2833333333333
124089193,318013.93,24997.82
124089585,53774.665,3433.05
124089020,564537.0116666667,30540.11333333333
124089000,8597.123333333333,1417.1333333333334
124087677,3873.12,695.1033333333332
124090293,8939.253333333332,1027.9
124092958,10085.94,1271.03
124088863,60186.47166666666,3447.81
124090503,36373.528333333335,2738.4616666666666
124088545,5963.975,777.2816666666666
124090584,63861.67333333334,5249.3966666666665
124091074,4859.601666666667,1090.8366666666666
124091719,10242.67,2099.936666666667
124093541,100756.57,7142.635
124090787,132196.2966666667,8399.545
124088778,23787.21833333333,2586.65
124088758,10821.483333333334,1608.35
124089081,13895.079999999998,1655.265
124092801,10699.195,1619.96
124090142,12187.698333333332,1426.5916666666667
124089296,19178.385000000002,2058.025
124091105,18343.008333333335,2248.153333333333
124091753,57422.991666666676,3695.226666666667
124091976,96727.34666666666,6705.24
124090824,4725.538333333333,881.78
124092691,14744.193333333335,1819.52
124092561,10619.163333333334,1311.8200000000002
124092507,5469.925,1119.5483333333334
124088430,8421.808333333332,1066.8383333333336
124089169,17192.604999999996,1882.6166666666663
124079151,13975.666666666666,1569.855
124089246,7223.205,1231.9466666666667
124089551,19291.476666666662,2047.7316666666666
124090028,8419.688333333334,1066.8383333333336
124093244,10763.675,1714.65
124089896,14911.073333333334,2101.76
124092087,13332.985,1583.1866666666667
124089571,8722.013333333332,1166.0349999999999
124092142,34613.66333333333,2935.2483333333334
124091262,16751.166666666668,1441.55
124092719,7587.496666666666,1102.65
124090695,7298.1483333333335,1273.9466666666665
124091814,10800.95,1693.85
124092432,18527.316666666666,2105.82
124091150,73984.77833333334,6007.575
124090968,15677.243333333336,2006.275
124091077,32083.571666666667,3388.5666666666666
124088836,140747.30166666667,11698.693333333333
124091878,5537.273333333333,902.8333333333334
124091810,144878.22,10540.816666666666
124093246,27819.359999999997,3167.5916666666667
124090693,17027.023333333334,2316.3333333333335
124090577,2718.85,410.21000000000004
124088918,10288.786666666665,1790.6966666666667
124092389,63394.380000000005,3401.311666666666
124090164,20143.364999999998,1728.8600000000001
124091134,42439.505000000005,3636.933333333333
124092412,69715.34833333334,3802.245
124090611,13655.965,1431.6816666666666
124093017,42579.405000000006,2975.0366666666664
124090698,137276.63999999998,8439.075
124092330,6311.54,902.5416666666666
124093214,57771.16000000001,3570.326666666667
124093515,58681.280000000006,3870.851666666667
124090450,1011208.9,57726.469999999994
124090536,3853.3333333333335,660.6416666666667
124090931,32572.293333333335,2559.8766666666666
124092363,4897.566666666667,1083.4616666666666
124090593,12223.45,1526.6166666666668
124088612,37163.028333333335,2793.056666666667
124091795,226624.01833333337,15933.008333333335
124090173,6995.566666666666,1019.29
124090694,35636.69666666666,2838.2
124090040,28020.968333333334,2686.456666666667
124091318,55957.365000000005,4055.1666666666665
124093441,5942.6849999999995,1020.0850000000003
124087813,10624.823333333334,1311.8200000000002
124088454,5670.941666666667,795.2983333333333
124091642,11493.226666666666,1965.7516666666666
124088727,34489.64166666666,3169.4049999999997
124088522,18984.076666666664,2105.6483333333335
124093063,44608.305,4154.76
124090267,25542.101666666666,2958.6266666666666
124088708,21024.753333333334,1705.58
124093250,21497.6,2579.241666666667
124093303,199424.58666666664,15168.703333333333
124089549,15599.066666666666,1715.9216666666666
124089874,8937.121666666666,1171.8200000000002
124090489,10039.573333333334,1319.9299999999998
124093200,17123.491666666665,2053.965
124092881,15931.756666666664,2065.48
124088219,74531.58499999999,6007.575
124088942,11843.948333333334,1590.29
124091033,3022.596666666667,499.3033333333333
124093088,46587.25,4871.375
124090880,16952.79,1889.2466666666667
124092009,29876,3245.805
124090272,11589.1,1460.83
124088423,104036.945,9932.616666666667
124093186,29893.403333333332,3245.805
124089722,11838.78,1581.54
124091987,69391.33833333333,3912.995
124088782,449607.2916666666,36045.625
124091331,8393.451666666666,1066.8383333333336
124092489,5335.2300000000005,871.3166666666668
124090587,23401.86333333333,2475.1233333333334
124091335,146894.74333333335,10995.438333333334
124090104,1013.39,207.4116666666667
124092888,93255.65333333334,5344.99
124087672,8987.218333333334,1176.1383333333333
124091714,5388.6866666666665,852.6583333333334
124091000,51615.68,3843.96
124091785,27195.33666666667,2992.5166666666664
124088808,13239.698333333334,1530.6133333333332
124090568,14263.7,1583.9366666666667
124092104,219973.2033333333,15629.1
124089109,7520.959999999999,1194.65
124093011,122838.78833333333,8616.51
124092542,141335.94833333333,12637.313333333334
124088938,23875.836666666666,2817.815
124093610,10655.746666666668,1604.2266666666667
124088025,129556.495,10596.625
124087852,67438.01,4504.451666666667
124089761,29465.365,3378.8650000000002
124088770,104636.70333333332,11034.6
124088555,25612.10833333333,2792.9800000000005
124092267,2824.9666666666667,565.6183333333333
124090635,112523.67333333334,9565.203333333333
124090138,11315.328333333333,1316.9599999999998
124092726,3777.3083333333334,633.135
124089332,42429.80166666666,3636.933333333333
124092095,12161.773333333334,1487.6416666666669
124093421,28366.068333333336,2749.563333333333
124092936,2384.8066666666664,688.525
124088529,9566.978333333334,1194.155
124091763,9200.41,1082.6466666666665
124091963,7009.37,1019.29
124091850,5369.844999999999,852.6583333333334
124090453,2360.84,412.77666666666664
124089123,5496.6466666666665,1119.5483333333334
124088732,73954.285,6007.575
124088182,4222.233333333333,615.7616666666667
124090831,321963.6533333333,26669.768333333333
124089819,2908.3916666666664,480.425
124088485,20779.316666666666,2288.9883333333332
124092346,19130.57833333333,2498.6766666666667
124091917,28438.63833333333,2884.0133333333333
124089587,46156.14666666666,4462.108333333333
124088671,1192135.2766666666,74152.605
124091972,117633.33000000003,8136.723333333333
124092684,10399.151666666667,1408.005
124090597,299737.30666666664,17588.41
124092618,28082.26666666667,2517.6566666666668
124089460,6397.3949999999995,1021.1883333333333
124091657,2153.5983333333334,400.985
124092362,34333.80166666667,3740.62
124092794,12194.715,1473.4416666666668
124089113,11981.363333333333,1512.9983333333332
124090600,4268.238333333333,604.5466666666667
124091633,13030.513333333332,1758.7466666666667
124092168,35579.74833333334,2827.175
124089567,14470.875,1993.825
124093285,20732.986666666664,2509.83
124093058,271598.62666666665,14060.236666666668
124091289,8231.37,1300.6866666666667
124093115,11261.996666666668,1444.5933333333332
124090102,12454.125,1667.725
124089535,5147.576666666667,756.6083333333333
124089873,444108.6083333334,32779.090000000004
124087630,9761.385,1370.98
124092923,14959.579999999998,1888.0049999999999
124091996,30854.7,3480.5133333333333
124088901,35219.96666666666,2439.3
124090312,9889.461666666666,1185.2666666666667
124088861,51011.76,4875.9800000000005
124089060,27313.265000000003,2844.3999999999996
124091620,19315.408333333333,2047.7316666666666
124091616,12053.443333333333,1921.825
124091135,68792.58833333333,3590.0466666666666
124092584,2075.1133333333332,347.26
124088513,12947.073333333332,1897.265
124089497,4319.003333333334,598.9166666666666
124092251,84546.94333333333,5389.931666666666
124089150,92764.80666666667,7082.916666666666
124088891,85674.56166666666,6528.223333333333
124088977,19557.3,2010.735
124089869,36885.643333333326,3580.7966666666666
124089037,14905.608333333334,2101.76
124092981,43610.985,3068.495
124091843,74531.58499999999,6007.575
124091611,53097.50666666667,3942.05
124089808,13174.616666666669,1519.75
124089598,27684.231666666667,2908.958333333333
124092723,7773.753333333332,998.5083333333334
124088889,1001.8399999999999,209.6616666666667
124088945,1661.5966666666668,307.49833333333333
124092051,128418.4866666667,8396.22
124093038,322009.57999999996,26669.768333333333
124088657,25519.260000000002,2886.3666666666663
124088595,151883.7033333333,9598.094999999998
124092449,36253.23833333333,2152.5183333333334
124089758,13291.433333333334,1545.263333333333
124087815,29825.653333333332,3245.805
124090301,15718.375,1632.75
124089793,25760.285,3161.4066666666668
124090936,59407.465000000004,4113
124093180,10134.59,1322.1299999999999
124088526,90939.50333333333,5736.433333333333
124090458,6632.094999999999,1167.7666666666667
124092439,26610.653333333332,2509.58
124092896,28069.673333333332,2517.6566666666668
124092520,37505.941666666666,3133.9700000000003
124091196,3957.7033333333334,778.8799999999999
124090592,299737.30666666664,17588.41
124093284,4147.491666666667,613.62
124093132,55407.3,3863.1483333333335
124090598,125865.22166666668,9959.385
124091256,83654.50666666667,4589.275
124088635,10956.565,1245.5
124091966,1306.0766666666666,273.30333333333334
124092966,42228.21,2562.4
124092637,2610.2666666666664,501.3566666666667
124093556,93193.575,5344.99
124090738,2728.4616666666666,433.81000000000006
124090175,127041.12,11152.849999999999
124093051,148987.94666666668,9874.895
124089086,174877.08833333332,10977.305
124091934,4262.960000000001,619.7466666666667
124092350,15617.661666666663,1715.9216666666666
124088424,16513.075,1408.1399999999999
124088428,19069.891666666666,2623.4816666666666
124090630,12560.503333333332,1738.4516666666666
124088835,3122.1233333333334,481.195
124088667,5385.05,852.6583333333334
124088629,62325.45,3909.286666666666
124093529,43004.95,4983.775
124092192,5033.5683333333345,925.7266666666667
124090017,12257.788333333334,1371.2616666666668
124089078,9016.773333333334,1091.5433333333333
124093234,19157.54666666667,2082.925
124091936,3736.9883333333332,606.4599999999999
124089286,13678.763333333332,1408.5066666666667
124092416,23515.153333333332,2384.9283333333333
124093193,2561.1,548.4599999999999
124089840,19017.83666666667,2605.3816666666667
124091778,28438.63833333333,2884.0133333333333
124088829,4662.458333333334,711.5916666666667
124093298,3098.63,451.79499999999996
124088022,131769.60333333333,8399.545
124093254,27211.994999999995,3066.0666666666666
124090346,76398.61,4805.128333333334
124093065,122846.30833333335,8616.51
124092176,22069.534999999996,1938.3700000000001
124091054,1920.1733333333334,451.63666666666666
124092339,4147.263333333333,613.62
124088650,12628.068333333333,1721.75
124092045,33382.471666666665,2684.88
124092191,18524.633333333335,2105.82
124090773,25947.653333333332,2891.0200000000004
124089116,8939.115,1027.9
124091182,1856.3166666666664,311.91833333333335
124088757,69922.66833333333,4009.0350000000008
124093183,60259.56333333333,3447.81
124092264,115781.57333333333,9764.426666666666
124090037,8021.719999999999,1152.8899999999999
124092638,65024.83333333333,4228.9400000000005
124090231,11411.921666666665,1838.045
124092793,3939.2333333333327,673.0066666666667
124091206,71793.865,5231.516666666666
124087663,1638.285,372.0566666666667
124093202,196319.27333333332,15572.256666666668
124091786,2541.455,455.5033333333334
124092627,66954.1,4689.418333333333
124092271,31229.771666666667,2198.435
124093477,27274.103333333333,3056.7
124090106,75017.295,6400.713333333333
124089538,8992.425,1129.3933333333332
124089941,46994.278333333335,3024.8833333333337
124089510,8463.353333333333,1032.005
124092762,7022.703333333333,1001.4900000000001
124092685,1661.5966666666668,307.49833333333333
124091923,23928.870000000003,2521.5033333333336
124090661,20411.223333333335,2591.355
124092443,5139.1050000000005,779.8083333333334
124092678,42698.11666666667,3076.046666666666
124090706,3809.6916666666666,637.5849999999999
124089783,6957.678333333334,1104.3166666666666
124090126,3555.575,633.5083333333333
124092263,102734.19166666667,7243.666666666666
124091189,11589.793333333331,1460.83
124089885,7978.326666666666,1462.9166666666665
124092987,6275.478333333333,1094.9699999999998
124089575,2308.88,471.40666666666664
124092079,33102.979999999996,2946.313333333333
124089658,2601.645,501.3566666666667
124093487,22086.254999999997,1938.3700000000001
124089167,19597.725,1686.4416666666664
124089584,162665.45,12695.664999999999
124088532,4435.701666666667,680.8266666666666
124092761,73729.97,5751.875
124092767,63892.466666666674,5249.3966666666665
124089573,2715.46,410.21000000000004
124091744,3781.275,633.135
124092506,7411.625,1254.3816666666667
124090608,16301.93333333333,1815.313333333333
124090928,15019.7,1539.2066666666667
124090946,503566.55999999994,32701.26333333333
124093164,1669.2849999999999,307.49833333333333
124092712,34333.80166666667,3740.62
124089025,15024.24,1539.2066666666667
124089047,10552.828333333335,978.21
124092342,24456.486666666668,2674.96
124089111,2274.255,461.6333333333333
124089240,21526.82,2794.911666666667
124089469,19871.428333333333,2662.7183333333332
124092869,1334.94,279.4533333333333
124090263,11222.011666666667,1401.4083333333335
124091019,15527.98,1843.0000000000005
124090515,10893.173333333332,1156.205
124090612,7442.733333333333,1347.9983333333334
124090799,2660.075,446.3566666666667
124090289,22201.754999999997,2348.245
124093238,26869.23833333333,2371.098333333334
124092559,30456.373333333333,2838.6333333333337
124093279,15894.766666666668,1599
124090139,321454.105,26669.768333333333
124089042,7174.67,1345.5216666666668
124090656,14801.101666666666,1985.4
124091210,3236.7166666666662,544.3166666666666
124089657,37914.85333333333,3237.92
124092068,6124.6,1144.0166666666664
124092275,2193.1483333333335,449.85
124091722,173003.05,11304.195
124093500,20184.103333333333,2356.21
124090012,10333.633333333333,1477.76
124089554,2058.7799999999997,353.7633333333334
124091103,8887.09,1458.27
124089568,12653.82,1617.625
124088944,7759.428333333332,998.5083333333334
124089528,13226.938333333334,1617.2466666666667
124089418,18138.045,1838.8516666666667
124089559,7106.5199999999995,899.75
124088521,42000.91333333333,3149.0066666666667
124092144,11548.496666666666,1891.6850000000002
124088812,20185.646666666667,2356.21
124092065,9839.438333333334,1235.6933333333334
124088520,7252.6916666666675,904.6433333333332
124091808,3736.9883333333332,606.4599999999999
124092775,36003.92,2114.8333333333335
124090306,11907.038333333334,1770.6933333333334
124089284,15301.001666666669,1505.9566666666667
124093440,1371.3600000000001,269.66833333333335
124092749,3452.9266666666663,561.5166666666667
124089556,21127.346666666665,2078.9366666666665
124091308,220121.11333333334,15629.1
124090692,16625.243333333336,1725.735
124090357,14190.895,1787.8366666666668
124089529,11173.626666666667,1514.1416666666669
124092613,78019.525,4996.013333333333
124089199,49677.11833333333,4094.035
124091017,3945.326666666667,692.4816666666667
124088686,13071.123333333333,1492.705
124091353,2447.9833333333336,479.95833333333337
124091181,23490.288333333338,1960.8416666666665
124089654,42843.151666666665,2985.123333333333
124088447,25122.835,2703.6
124093110,2437.3583333333336,479.95833333333337
124090848,9917.581666666669,1117.8333333333333
124091370,3033.1716666666666,499.3033333333333
124088662,10415.060000000001,1027.05
124088002,119865.595,10031.503333333332
124089642,25672.748333333333,2617.35
124090009,4125.153333333334,726.5966666666667
124089727,28276.07,2614.0716666666663
124093138,100934.715,7397.514999999999
124088534,4356.06,660.645
124089602,35344.095,2811.6
124092898,60259.56333333333,3447.81
124093002,91672.74833333332,5523.883333333333
124093141,10988.511666666667,1355.7083333333333
124088823,21831.114999999998,2713.94
124091743,22932.769999999997,3366.0566666666664
124093283,32738.776666666665,3012.6400000000003
124090835,4423.835,687.9100000000001
124093144,8566.888333333332,1354.1333333333334
124089796,52774.54666666667,3527.8550000000005
124088923,3040.4666666666667,520.4616666666667
124090843,9323.966666666667,1317.7266666666665
124092277,2481.6683333333335,509.12666666666667
124091834,31954.001666666667,2579.528333333333
124090780,4928.488333333333,819.4416666666666
124092157,8014.05,1349.8
124092575,28063.775,2517.6566666666668
124093467,48138.613333333335,3968.246666666667
124089350,1979.2566666666667,464.53166666666664
124091221,11373.571666666667,1838.045
124092127,12907.731666666667,1445.0016666666666
124091908,24045.925,3033.706666666667
124093449,85663.80333333333,6528.223333333333
124088656,8232.355,1300.6866666666667
124093003,85252.73166666666,6566.473333333333
124092101,66996.95,4689.418333333333
124089235,14659.539999999999,1766.11
124089814,14594.159999999998,2396.7766666666666
124091086,36233.47,2152.5183333333334
124092437,21409.158333333333,2510.9416666666666
124093563,2062.79,423.73
124092804,35586.28,2827.175
124090739,146993.135,10995.438333333334
124091229,124158.25833333333,10977.588333333331
124088989,10277.768333333333,1918.9166666666667
124089719,187531.34000000003,10253.973333333332
124090358,5107.96,755.2566666666667
124090365,40262.676666666666,3221.7599999999998
124089776,11310.35,1469.7599999999998
124091345,10897.036666666665,1195.705
124090743,4383.151666666667,701.255
124092818,41118.119999999995,3178.58
124088850,7356.826666666666,1140.8316666666665
124091069,154760.28999999998,11161.091666666665
124088600,18425.20666666667,2262.4
124090479,13438.278333333332,1319.4150000000002
124092633,11432.096666666668,1753.1216666666667
124089032,53246.72166666668,3945.75
124087376,186484.18333333335,13174.689999999999
124092949,16516.276666666665,1408.1399999999999
124090872,116771.99666666666,7193.9366666666665
124092383,28573.45333333333,3395.3983333333335
124091875,3393.063333333333,510.5333333333333
124090963,127041.12,11152.849999999999
124088677,5534.01,902.8333333333334
124092718,38624.91833333333,3541.29
124092433,5091.5599999999995,719.6766666666667
124089103,53270.705,4009.5833333333335
124088425,3840.41,660.6416666666667
124091257,40026.43666666666,2194.42
124092585,24324.125,2425.87
124089707,30505.698333333334,3068.5666666666666
124092116,7418.373333333334,1254.3816666666667
124090152,2665.1266666666666,446.3566666666667
124093460,18391.303333333333,2260.9049999999997
124089838,19719.305,2088.4083333333333
124089131,7404.683333333334,1254.3816666666667
124088041,6909.675,1116.6299999999999
124092255,6959.298333333334,1090.4166666666665
124091682,29852.63333333333,3245.805
124093052,148201.10333333333,8758.608333333332
124090213,12920.556666666665,1656.0666666666668
124035050,1888.4133333333332,433.1766666666666
124089605,134712.3,9116.3
124089765,9909.791666666666,1117.8333333333333
124090287,58498.306666666664,4676.946666666668
124093127,24402.575,1869.35
124091125,1638.8183333333334,372.0566666666667
124091030,23074.89,2301.4100000000003
124093470,62000.325,5484.25
124092809,962.54,218.1266666666667
124091773,52121.06,3909.4333333333334
124088619,15676.85,2006.275
124089428,15221.743333333336,1569.3266666666666
124089545,194597.16499999998,15515.276666666667
124092616,47162.505,3948.5550000000003
124091973,1493.7000000000003,235.625
124092067,14764.810000000001,1826.265
124093287,47767.515,4305.1050000000005
124089320,20566.485,2767.435
124090746,185627.82833333334,12054.31
124091940,18194.201666666668,1625.35
124093068,28011.81166666667,2686.456666666667
124089094,10956.565,1245.5
124088917,1903.7849999999999,440.8016666666666
124088045,180621.42833333332,11450.308333333332
124091653,47860.84166666667,4711.665
124089478,6393.1033333333335,1021.1883333333333
124088943,26946.831666666665,2102.2683333333334
124092138,6018.076666666667,1053.78
124091855,20039.3,1892.2200000000005
124090866,3787.275,637.5849999999999
124092654,26975.85,1798.6633333333332
124090763,36638.22,4139.65
124093295,39964.66499999999,3471.7333333333336
124091070,44400.83166666667,4201.74
124089328,26601.706666666665,2376.83
124091168,46714.92,4871.375
124093282,13238.195000000002,1530.6133333333332
124089883,2122.1566666666668,360.11333333333334
124089216,15046.89,1539.2066666666667
124093255,19440.484999999997,2263.871666666667
124090729,12024.625,1861.1166666666668
124092850,3151.561666666667,611.205
124090734,41606.11,3824.2850000000008
124089030,23653.783333333333,1806.5766666666666
124089843,895471.3366666667,57099.77
124090765,42867.06,2985.123333333333
124092677,20684.1,2569.208333333333
124089464,409206.45999999996,32777.090000000004
124089445,86445.83,6939.248333333334
124089690,11025.39,1678.5266666666666
124088905,94750.74166666667,4725.655000000001
124091158,32430.080000000005,2560.3516666666665
124088506,7392.175,1272.4816666666666
124090886,12331.191666666668,1488.415
124089606,23934.513333333332,2441.953333333334
124090327,34593.96,2935.2483333333334
124088128,8057.641666666667,1155.5733333333333
124089625,7810.159999999999,1134.0083333333334
124092948,16176.933333333334,2229.4683333333332
124092727,43326.009999999995,3658.338333333333
124092321,13652.80833333333,1315.6416666666667
124091651,46530.89166666667,4871.375
124089334,49822.236666666664,4094.035
124091028,186404.6666666667,13491.289999999999
124089839,8708.24,1378.875
124091382,1773.3083333333336,302.3666666666667
124089987,14710.611666666668,1985.4033333333336
124090678,19446.46,1926.1116666666665
124091379,24138.015,2783.215
124088971,4578.02,782.1633333333332
124092080,32285.625,3107.231666666667
124091887,1483.5183333333334,235.625
124091959,8287.583333333334,1478.3028571428572
124089106,17557.77,2631.118333333333
124091141,13369.26,1353.81
124090768,25861.69,3018.3616666666667
124091121,132898.57666666666,8646.266666666666
124092485,7979.545,1462.9166666666665
124091913,4007.575,945.53
124093508,6278.74,1010.8616666666665
124093072,9216.198333333334,1084.0466666666666
124088793,20324.593333333334,2309.625
124090971,13535.91333333333,1829.186666666667
124088466,23389.953333333335,2475.1233333333334
124090276,9474.491666666665,1410.6699999999998
124089285,25612.10833333333,2792.9800000000005
124092560,4326.6833333333325,598.9166666666666
124090033,5292.175,633.625
124090500,7009.37,1019.29
124093008,17311.780000000002,1803.8733333333334
124088937,159535.52,11149.301666666668
124093274,54073.119999999995,3804.755
124093425,8101.553333333332,1243.6666666666667
124089101,3269.5933333333332,607.9416666666666
124091614,25230.27666666667,2703.6
124092105,64169.045,6150.261666666666
124092645,35699.96666666667,2950.4
124090044,5589.823333333333,1076.7333333333331
124090024,14987.98,1539.2066666666667
124088010,134712.3,9116.3
124091600,14334.670000000002,1568.3866666666668
124090243,72472.855,5512.855
124090449,12552.008333333333,1338.5899999999997
124092735,3461.575,561.5166666666667
124092656,8982.61,1176.1383333333333
124089880,11748.606666666667,1414.5283333333332
124091829,7588.714999999999,1102.65
124092943,7762.318333333334,998.5083333333334
124090304,3908.2050000000004,754.0966666666667
124089181,2501.4049999999997,478.8016666666666
124092552,14397.738333333333,1440.34
124090860,100039.82666666669,6693.159999999999
124092451,80247.09833333333,6084.336666666667
124090747,5468.363333333334,1119.5483333333334
124092830,50463.245,4244.175
124091736,1038.045,151.72333333333333
124093267,70270.01833333333,4041.8350000000005
124090481,223319.98499999996,17708.508333333335
124091809,59387.009999999995,4113
124091991,41887.604999999996,2964.9566666666665
124091126,9448.186666666666,1017.5899999999999
124088147,9516.21,1065.3966666666668
124091811,54533.975,4778.401666666667
124090307,10667.33,1493.5366666666666
124088366,529394.6900000001,30540.11333333333
124089054,27786.101666666673,3243.991666666667
124090882,15912.743333333336,1599
124091360,26299.956666666665,2781.5449999999996
124093082,47939.66333333334,4711.665
124088868,21499.7,2579.241666666667
124092165,70267.59,4041.8350000000005
124088852,26685.798333333332,2943.8766666666666
124092396,4229.583333333334,619.1616666666666
124089517,5597.178333333334,994.0933333333332
124092484,8309.113333333333,1440.2961904761905
124088680,40784.45166666667,3278.4800000000005
124090736,146857.30166666667,10995.438333333334
124093615,1999.6166666666663,402.4433333333333
124090790,8572.678333333333,1354.1333333333334
124090225,26395.60833333333,2665.6449999999995
124093591,80967.97,5824.536666666667
124091321,4332.786666666667,605.4366666666667
124087665,41870.05,3423.1400000000003
124090903,21241.611666666664,2273.436666666667
124091992,28313.213333333337,3112.668333333333
124089231,212074.33833333332,17656.425
124091984,48633.66166666667,4044.9
124090442,3727.3966666666665,609.76
124088458,5147.576666666667,756.6083333333333
124090887,10900.973333333332,1245.535
124093005,27692.826666666668,2908.958333333333
124089695,131769.60333333333,8399.545
124088300,48732.90666666666,4267.85
124090446,27812.371666666666,3243.991666666667
124088668,38376.98166666667,2809.98
124090710,21688.719999999998,1909.1050000000002
124091118,75913.86499999999,6507.5199999999995
124092059,7693.259999999999,1542.4083333333333
124088882,3800.335,637.5849999999999
124089118,17119.09333333333,2053.965
124090677,10202.106666666667,1292.4816666666666
124092639,149097.97166666668,9874.895
124092408,10893.768333333333,1156.205
124091104,221580.01500000004,17708.508333333335
124092714,15010.033333333335,1539.2066666666667
124093416,16092.875,2111.693333333333
124089728,19164.368333333332,2058.025
124092024,19111.993333333332,2498.6766666666667
124091919,51396.945,4948.76
124091023,94268.17166666666,5169.679999999999
124089762,449597.9916666666,36045.625
124088925,9501.685,1235.6666666666665
124093152,13598.596666666668,1558.9333333333334
124093537,4366.5583333333325,665.845
124091079,4538.046666666667,840.8100000000001
124088617,115507.13,9711.226666666666
124090601,7400.453333333333,1272.4816666666666
124092284,62469.85,3909.286666666666
124093076,1620.8366666666666,362.8833333333333
124091270,218932.51833333337,16457.025
124088805,15392.745,1769.7316666666666
124089757,12141.95,1446.7
124089569,23653.783333333333,1806.5766666666666
124092518,109828.18333333335,8176.914999999999
124090644,222513.08333333334,17708.508333333335
